emp_no,first_name,last_name,to_date,from_date,title
10095,Hilari,Morton,9999-01-01,1994-03-10,Senior Staff
10291,Dipayan,Seghrouchni,9999-01-01,1987-03-30,Staff
10476,Kokou,Iisaka,9999-01-01,1987-09-20,Senior Staff
13499,Kazuhiko,Sidou,9999-01-01,1991-09-01,Technique Leader
14104,Sudhanshu,Demian,9999-01-01,1994-07-23,Senior Staff
14907,Nakhoon,Luga,9999-01-01,1986-12-18,Senior Staff
15058,Bouchung,Bugrara,9999-01-01,1990-06-18,Staff
16461,Remmert,Schahn,9999-01-01,1986-09-06,Senior Staff
17206,Berry,DeMori,9999-01-01,1992-12-27,Engineer
18021,Adil,Matzke,9999-01-01,1987-05-08,Senior Engineer
18424,Filipp,Rousseau,9999-01-01,1995-06-07,Senior Engineer
18617,Surveyors,Crouzet,9999-01-01,1989-04-24,Staff
18810,Taiji,Jarecki,9999-01-01,1991-06-27,Senior Engineer
19236,Elzbieta,Morris,9999-01-01,1988-07-12,Senior Engineer
19803,Ziva,Kowalchuk,9999-01-01,1987-06-13,Engineer
20100,Utz,Heuter,9999-01-01,1986-06-15,Staff
21181,Jianhui,Cangellaris,9999-01-01,1991-10-06,Engineer
21546,Yongmin,Lanteri,9999-01-01,2002-03-19,Senior Staff
21843,Karsten,Azadmanesh,9999-01-01,1985-11-29,Senior Engineer
22415,Perla,Jumpertz,9999-01-01,1994-08-24,Senior Staff
22451,Jasminko,Bresenham,9999-01-01,1994-01-19,Senior Staff
22455,Barry,Unno,9999-01-01,1990-11-16,Staff
22926,Manibrata,Genther,9999-01-01,1988-01-15,Engineer
23396,Hilari,Fairtlough,9999-01-01,1986-12-15,Technique Leader
24205,Roddy,Rubsam,9999-01-01,1993-09-19,Senior Engineer
24394,Zhonghui,Conta,9999-01-01,1994-09-10,Staff
24553,Anwar,Passafiume,9999-01-01,1987-01-30,Senior Staff
26788,Zongyan,Dalphin,9999-01-01,1988-04-23,Senior Engineer
27686,Manu,Rosiles,9999-01-01,1998-03-03,Senior Staff
28193,Xinglin,Mitsuhashi,9999-01-01,1988-12-14,Engineer
28974,Chenxi,Sundgren,9999-01-01,1986-09-02,Senior Engineer
29265,Gilbert,Calkin,9999-01-01,1988-03-21,Staff
29418,Valery,Mersereau,9999-01-01,1998-07-01,Assistant Engineer
29679,Kolar,Steenbeek,9999-01-01,1986-10-18,Senior Engineer
30154,Mayuko,Skafidas,9999-01-01,1999-04-19,Technique Leader
30182,Leon,Potthoff,9999-01-01,1985-12-08,Senior Engineer
30465,Randi,Avouris,9999-01-01,1986-07-16,Senior Engineer
30938,Yakkov,Samarati,9999-01-01,1997-10-10,Senior Staff
31207,Abdelwaheb,Dulin,9999-01-01,1993-08-05,Senior Engineer
31568,Mark,Lalonde,9999-01-01,1996-11-24,Staff
32347,Terresa,Peres,9999-01-01,1990-09-15,Staff
32649,Ingmar,Nannarelli,9999-01-01,1988-06-10,Senior Staff
32714,Radoslaw,Maliniak,9999-01-01,2001-09-18,Staff
33722,Anwar,Collette,9999-01-01,2001-02-03,Senior Engineer
34077,Angel,Sichman,9999-01-01,1988-11-16,Staff
34446,Chinhyun,Bauknecht,9999-01-01,1986-12-19,Senior Engineer
34452,Naftaly,Foong,9999-01-01,1991-05-10,Senior Engineer
34533,Erzsebet,Shigei,9999-01-01,1995-01-16,Senior Engineer
35044,Jiang,Waschkowski,9999-01-01,1989-05-27,Engineer
35441,Chandrasekaran,Peek,9999-01-01,1990-09-17,Senior Engineer
35642,Ashish,Talmon,9999-01-01,1999-02-28,Senior Engineer
35798,Ulf,Oberman,9999-01-01,1997-03-15,Senior Engineer
36521,Serif,Gladwell,9999-01-01,1987-03-06,Staff
36626,Fen,Genin,9999-01-01,1986-05-09,Senior Staff
36982,Kotesh,Rajala,9999-01-01,1992-06-23,Senior Engineer
37070,Jeong,Undy,9999-01-01,1985-02-13,Staff
37945,Suzette,Butterworth,9999-01-01,1994-02-19,Senior Engineer
38043,Michaela,Randi,9999-01-01,1985-11-23,Engineer
38103,Masasuke,Babu,9999-01-01,1988-03-31,Engineer
38168,Fumiko,Deverell,9999-01-01,1987-08-15,Staff
38550,JoAnne,Baez,9999-01-01,1987-02-16,Senior Engineer
38593,Huei,Orsini,9999-01-01,1986-06-04,Engineer
39341,Mahmut,Lampe,9999-01-01,1985-05-11,Senior Engineer
39952,Otmar,Sudbeck,9999-01-01,1998-07-22,Staff
40269,Toshiki,Ghazalie,9999-01-01,1991-12-05,Staff
40283,Sudhanshu,Boissier,9999-01-01,1985-05-11,Engineer
40301,Spyrose,Felder,9999-01-01,1997-10-20,Senior Engineer
40536,Harngdar,Bernardinello,9999-01-01,1988-02-29,Senior Engineer
40773,Shimshon,Aingworth,9999-01-01,1986-04-13,Staff
40983,Marla,Cherinka,9999-01-01,1986-12-01,Technique Leader
41114,Petter,Thummel,9999-01-01,1995-12-24,Technique Leader
41137,Bikash,Buchter,9999-01-01,1996-01-08,Staff
41520,Xiong,Uhrik,9999-01-01,1988-03-21,Senior Engineer
41609,Yucai,Simmen,9999-01-01,1987-10-13,Senior Staff
42778,Shuji,Remmers,9999-01-01,1987-12-18,Staff
43733,Huei,Boguraev,9999-01-01,1993-12-31,Staff
44540,Mingzeng,Sadowski,9999-01-01,1989-11-12,Senior Engineer
44959,Volkmar,Uhrik,9999-01-01,1988-01-16,Senior Engineer
45162,Dulce,Speel,9999-01-01,1987-10-19,Senior Engineer
46328,Wuxu,Trogemann,9999-01-01,1997-01-27,Senior Staff
46811,Junsik,Berendt,9999-01-01,1988-04-27,Senior Engineer
47262,Gonzalo,Binkley,9999-01-01,1985-08-16,Engineer
47515,Naraig,Jenevein,9999-01-01,1987-01-18,Senior Engineer
48275,Sariel,Massonet,9999-01-01,1987-11-20,Senior Staff
50670,Boguslaw,Snedden,9999-01-01,1985-02-20,Staff
51036,Chriss,Fasbender,9999-01-01,1995-05-23,Staff
51142,Rosine,Lakshmanan,9999-01-01,1986-01-31,Engineer
52038,Chikako,Armand,9999-01-01,1985-05-18,Senior Engineer
52386,Adas,Denti,9999-01-01,1986-05-30,Staff
52599,Augustine,Mungall,9999-01-01,1994-01-13,Senior Engineer
52770,Shugo,Yurek,9999-01-01,1992-08-28,Senior Staff
52778,Alain,Penn,9999-01-01,1986-05-03,Technique Leader
52956,Khalil,Picci,9999-01-01,1998-11-24,Engineer
52970,Lobel,Werthner,9999-01-01,1988-03-17,Engineer
53278,Premsyl,Lortz,9999-01-01,1993-02-01,Senior Staff
53431,Sham,Vasanthakumar,9999-01-01,1993-05-24,Senior Staff
53597,Jiafu,Marchegay,9999-01-01,1985-03-02,Senior Engineer
53874,Bodo,Schade,9999-01-01,1986-02-14,Senior Staff
53924,Arnould,Gaughan,9999-01-01,1991-01-23,Senior Engineer
54198,Shaowen,Segond,9999-01-01,1986-01-06,Engineer
55799,Jianwen,Litzler,9999-01-01,1987-06-17,Engineer
55857,Adin,Scallan,9999-01-01,1987-09-15,Senior Staff
56209,Remzi,Douceur,9999-01-01,1992-12-01,Senior Engineer
56415,Sigeru,Nivat,9999-01-01,1991-10-24,Staff
56428,Olivera,Hanabata,9999-01-01,1986-11-10,Staff
56682,Roded,Picco,9999-01-01,1993-11-06,Assistant Engineer
56847,Menkae,Chinin,9999-01-01,1998-08-27,Senior Engineer
58147,Shigenori,Sullins,9999-01-01,1988-02-24,Senior Staff
58819,Gennady,Liesche,9999-01-01,1987-12-02,Senior Staff
59869,Zsolt,Riefers,9999-01-01,1987-09-25,Staff
60091,Surveyors,Bade,9999-01-01,1990-04-11,Senior Staff
60559,Jeanna,Stemann,9999-01-01,1988-08-29,Senior Engineer
61253,Cheong,Uhrik,9999-01-01,2002-05-09,Senior Engineer
61377,Dannz,Ohori,9999-01-01,1997-04-13,Staff
62033,Heeju,Cappelli,9999-01-01,1987-01-15,Senior Engineer
62245,Adel,Bressoud,9999-01-01,1995-08-30,Engineer
63294,Tetsushi,Tanemo,9999-01-01,1997-03-01,Senior Engineer
63419,Hiroyasu,Seuren,9999-01-01,1989-03-05,Senior Engineer
63631,Falguni,Cherinka,9999-01-01,1987-10-15,Senior Engineer
63706,Sedat,Itzigehl,9999-01-01,1997-07-31,Engineer
64209,Golgen,Schoegge,9999-01-01,1988-02-26,Senior Staff
64487,Tsutomu,Rebaine,9999-01-01,1986-09-17,Senior Engineer
64790,Shin,Piveteau,9999-01-01,1985-04-19,Engineer
64828,Krister,Pappas,9999-01-01,1999-09-30,Staff
64984,Eldridge,Eldridge,9999-01-01,1994-08-04,Senior Engineer
65998,Mandell,Alameldin,9999-01-01,1989-04-08,Senior Staff
66382,Domenico,Candan,9999-01-01,1997-07-13,Engineer
66530,Dung,Leaver,9999-01-01,1998-04-04,Staff
66702,Deniz,Thibadeau,9999-01-01,1994-09-27,Senior Engineer
66807,Aiman,Rosaz,9999-01-01,1990-05-22,Senior Engineer
67320,Sadok,Lorys,9999-01-01,1987-05-10,Senior Staff
67934,Aiman,Gargeya,9999-01-01,1985-03-07,Senior Engineer
68608,Yucai,Seghrouchni,9999-01-01,1989-06-09,Senior Engineer
68633,Chinhyun,Rassart,9999-01-01,1993-07-29,Senior Engineer
69052,Shietung,Shrader,9999-01-01,1995-08-05,Senior Staff
69219,Shuky,Redmiles,9999-01-01,1994-11-19,Senior Staff
69936,Lalit,Unni,9999-01-01,1999-01-31,Assistant Engineer
70990,Arumugam,Nitta,9999-01-01,1990-03-23,Senior Engineer
71188,Pranjal,Schapiro,9999-01-01,1986-12-14,Senior Staff
71243,Kinh,Buchter,9999-01-01,1986-03-29,Senior Engineer
71334,Cathie,Peck,9999-01-01,2001-03-04,Senior Engineer
71685,Kristinn,Olano,9999-01-01,1989-10-03,Senior Engineer
72190,Sajjad,Waeselynck,9999-01-01,1999-09-13,Engineer
72918,Takahira,Szilard,9999-01-01,1988-01-16,Senior Staff
73233,Shigeo,Merey,9999-01-01,1985-07-30,Senior Engineer
74668,Masako,Bonifati,9999-01-01,1987-04-09,Senior Staff
75354,Shuky,Jakobus,9999-01-01,1986-06-16,Engineer
76189,Kolar,Hinsberger,9999-01-01,1986-10-20,Senior Engineer
77030,Faiza,Garnham,9999-01-01,1986-03-02,Technique Leader
77303,Xinglin,Birge,9999-01-01,1992-03-05,Staff
78106,Ashish,Ratnaker,9999-01-01,2000-01-17,Senior Staff
78871,Conor,Ghandeharizadeh,9999-01-01,1985-05-25,Senior Engineer
79043,Katsuo,Hockney,9999-01-01,1999-11-07,Technique Leader
79310,Jeong,Cunliffe,9999-01-01,1996-10-27,Senior Staff
79606,Arnd,Peir,9999-01-01,1986-12-11,Senior Engineer
79763,Sanjoy,Barreiro,9999-01-01,1988-04-09,Staff
79895,Fei,Murtagh,9999-01-01,1986-01-19,Senior Staff
80067,Kazuhisa,Weiland,9999-01-01,1985-11-09,Staff
80731,Shaowen,Eldridge,9999-01-01,1987-12-05,Senior Staff
80889,Shigeo,Linnainmaa,9999-01-01,1985-07-30,Senior Engineer
81105,Jaewon,Boissier,9999-01-01,1992-05-24,Engineer
81995,Sreekrishna,Brender,9999-01-01,1990-03-22,Senior Engineer
82919,Shigeu,Claffy,9999-01-01,1998-12-19,Engineer
83544,Leaf,Baak,9999-01-01,1994-09-05,Staff
83805,Manohar,Harllee,9999-01-01,1987-03-11,Senior Engineer
84236,Eberhardt,Barriga,9999-01-01,1987-06-04,Staff
84451,Shiv,Aumann,9999-01-01,1998-06-14,Senior Engineer
84922,Parke,Unno,9999-01-01,1996-07-01,Engineer
84942,Shin,Fujisaki,9999-01-01,1988-02-23,Technique Leader
85702,Udi,Merks,9999-01-01,1997-08-15,Engineer
85874,Pasqua,Taubman,9999-01-01,1986-06-23,Senior Staff
86213,Kristine,Clemencon,9999-01-01,1993-06-01,Staff
86422,Jaewon,Thummel,9999-01-01,1985-09-14,Senior Staff
86546,Oldrich,Woycyznski,9999-01-01,1985-05-15,Senior Engineer
86672,JoAnne,Anido,9999-01-01,1995-09-15,Staff
87729,Yongmin,Roccetti,9999-01-01,1986-12-10,Staff
87783,Conor,Thorensen,9999-01-01,1988-02-24,Senior Engineer
88411,Lena,Cannane,9999-01-01,2000-01-28,Engineer
88422,Jungsoon,Birsak,9999-01-01,1985-04-03,Technique Leader
89048,Otmar,Birjandi,9999-01-01,1985-03-23,Engineer
89680,Aiman,Mawatari,9999-01-01,1988-05-01,Engineer
89922,Alexius,Ibel,9999-01-01,1988-04-24,Senior Engineer
90077,Vivian,Guerreiro,9999-01-01,1991-07-08,Engineer
90518,Fumiko,Chepyzhov,9999-01-01,1988-01-28,Senior Staff
90614,Yonghoan,Trogemann,9999-01-01,1988-09-23,Engineer
90692,Rajmohan,DasSarma,9999-01-01,1985-09-14,Staff
91172,Kazuhisa,Melter,9999-01-01,1987-07-16,Staff
91182,Lucien,Schwartzburd,9999-01-01,1988-08-25,Engineer
91229,Yahiko,Hebden,9999-01-01,1996-10-03,Senior Engineer
91415,Jamaludin,Nilsson,9999-01-01,1987-01-15,Senior Staff
91648,Dmitry,Msuda,9999-01-01,1988-10-22,Senior Staff
92438,Aria,Kilgore,9999-01-01,1992-04-11,Senior Engineer
92454,Visit,McFarlan,9999-01-01,1987-10-22,Engineer
92846,Anyuan,Kropatsch,9999-01-01,1986-09-05,Senior Staff
92920,Huei,Hutter,9999-01-01,1993-01-28,Senior Engineer
93220,Richara,Walston,9999-01-01,1996-08-27,Senior Engineer
93278,Magdalena,Penn,9999-01-01,1997-01-04,Senior Engineer
93549,Arie,Coullard,9999-01-01,2000-03-28,Staff
93600,Kristina,Neimat,9999-01-01,1988-04-18,Technique Leader
94761,Hitofumi,Zaccaria,9999-01-01,1988-11-22,Senior Engineer
94944,Heping,Matheson,9999-01-01,1988-06-24,Senior Engineer
95286,Kristin,Guerreiro,9999-01-01,1989-08-23,Engineer
96767,Arumugam,Vecchio,9999-01-01,1985-08-14,Senior Engineer
98306,Ziya,Kadhim,9999-01-01,1999-06-24,Senior Engineer
99057,Shugo,Reeken,9999-01-01,1999-06-21,Staff
99373,Xiaobin,Christianini,9999-01-01,1985-12-25,Staff
99654,Mahendra,Motley,9999-01-01,1985-09-28,Staff
101902,Mantis,Millington,9999-01-01,1991-03-18,Staff
103196,Djenana,Albarhamtoshy,9999-01-01,1988-07-16,Senior Staff
103316,Susanne,Peternell,9999-01-01,1994-07-27,Senior Engineer
105356,Diederik,Matzov,9999-01-01,1995-03-08,Engineer
105520,Haldun,Lienhardt,9999-01-01,1987-01-29,Senior Staff
106242,Nevio,Thisen,9999-01-01,1988-03-25,Senior Staff
106695,Lijie,Garrabrants,9999-01-01,1988-10-26,Senior Staff
106710,Babette,Anandan,9999-01-01,1986-11-22,Staff
107486,Siamak,Luiz,9999-01-01,1987-02-11,Senior Engineer
107737,Fabrizio,Chleq,9999-01-01,1999-07-31,Senior Engineer
107792,Shahab,Crooks,9999-01-01,1992-03-18,Staff
108091,Hisao,Ghemri,9999-01-01,1985-11-14,Staff
108198,Randi,Samarati,9999-01-01,1992-10-20,Senior Staff
109062,Jamaludin,Kandlur,9999-01-01,1992-06-19,Senior Engineer
109211,Gor,Delgrande,9999-01-01,2002-06-18,Engineer
109278,Bangqing,Schach,9999-01-01,1988-03-22,Staff
109598,Stamatina,Auyong,9999-01-01,1988-07-05,Senior Staff
109953,Godehard,Chorvat,9999-01-01,1988-04-10,Staff
200312,Akemi,Fujisaki,9999-01-01,2001-11-13,Senior Engineer
200363,Kirk,Quaggetto,9999-01-01,1987-06-30,Senior Engineer
201229,Alejandra,Khasidashvili,9999-01-01,1994-07-30,Staff
201709,Fan,Kakkad,9999-01-01,1988-02-25,Staff
201801,Waiman,Genin,9999-01-01,1988-10-30,Senior Engineer
202414,Zvonko,Murthy,9999-01-01,1992-01-07,Senior Staff
202826,Kerhong,Matzke,9999-01-01,1986-11-14,Senior Engineer
202950,Giordano,Pietrzykowski,9999-01-01,1987-03-26,Senior Staff
203495,Zongyan,Gips,9999-01-01,1997-05-31,Technique Leader
203599,Ewing,DiGiano,9999-01-01,2000-02-01,Technique Leader
203720,Sasan,Thimonier,9999-01-01,1996-08-21,Senior Staff
204246,Arve,Worfolk,9999-01-01,1985-04-01,Staff
204425,Gretta,Huttel,9999-01-01,1990-10-08,Senior Engineer
204471,Franziska,Maginnis,9999-01-01,1986-02-17,Engineer
205085,Moni,Kornyak,9999-01-01,1991-09-26,Technique Leader
205174,Leszek,Spinelli,9999-01-01,1998-12-10,Staff
206748,Yucai,Fabrizio,9999-01-01,1999-10-06,Staff
206836,Guadalupe,Pfau,9999-01-01,1993-03-22,Staff
206966,Tzu,Sichman,9999-01-01,1987-11-17,Senior Engineer
207021,Jacqueline,Akaboshi,9999-01-01,1997-12-06,Engineer
207401,Shuji,Barbanera,9999-01-01,1987-08-10,Staff
208147,Manu,Rothenberg,9999-01-01,1988-12-06,Senior Engineer
208330,Shen,Flanders,9999-01-01,1989-07-03,Senior Staff
208784,Pranjal,Juneja,9999-01-01,1985-03-21,Senior Engineer
209443,Krassimir,Garnier,9999-01-01,1998-01-26,Senior Staff
209712,Nimmagadda,Baak,9999-01-01,1987-10-30,Engineer
210752,Saniya,Stenning,9999-01-01,1986-12-10,Staff
211858,Domenico,Ratnaker,9999-01-01,1985-03-24,Senior Engineer
212154,Sailaja,Holburn,9999-01-01,1991-03-04,Staff
213384,Pranas,Narwekar,9999-01-01,1985-09-26,Senior Engineer
214215,Xiaoqiang,Cardazo,9999-01-01,1993-05-28,Senior Staff
214427,Peer,Molberg,9999-01-01,1996-11-17,Engineer
214789,Arfst,Chepyzhov,9999-01-01,1989-02-06,Senior Engineer
214866,Gopalakrishnan,Angel,9999-01-01,1997-07-05,Senior Engineer
214995,Dinkar,Hoppenstand,9999-01-01,1994-05-04,Engineer
215629,Munehiro,Manders,9999-01-01,1987-05-18,Senior Staff
215843,Pramod,Loncour,9999-01-01,1987-03-31,Staff
216054,Sahrah,Angiulli,9999-01-01,1986-07-31,Staff
216375,Byong,Gustavson,9999-01-01,1985-03-12,Senior Engineer
216502,Xiaocheng,Suermann,9999-01-01,1997-12-15,Engineer
217080,Masami,Puoti,9999-01-01,2000-01-21,Senior Engineer
217272,Yuchang,Eldridge,9999-01-01,1986-08-01,Staff
217320,Abdelwaheb,Denis,9999-01-01,1993-09-10,Engineer
217363,Horward,Marzano,9999-01-01,1996-04-11,Staff
217387,Jianhao,Molenaar,9999-01-01,1987-10-22,Senior Engineer
217551,Panayotis,Lukaszewicz,9999-01-01,1989-06-06,Senior Engineer
217800,Shay,Servieres,9999-01-01,1998-08-06,Senior Staff
218022,Mokhtar,Poupard,9999-01-01,1992-02-02,Technique Leader
219035,Kristine,Bierman,9999-01-01,1988-05-13,Technique Leader
219047,Aemilian,Kusalik,9999-01-01,1987-05-27,Engineer
219417,Subhrajyoti,Denna,9999-01-01,1996-07-25,Staff
220029,Demos,Asser,9999-01-01,1985-11-04,Senior Engineer
220582,Poornachandra,Zielinski,9999-01-01,1996-02-13,Staff
220799,Perla,Orlowska,9999-01-01,1998-10-13,Senior Engineer
221126,Tesuya,dAstous,9999-01-01,1988-11-29,Senior Engineer
221369,Abdulah,Pocchiola,9999-01-01,1996-08-28,Engineer
221435,Djenana,Marrevee,9999-01-01,1994-02-06,Senior Engineer
222206,Stein,Uludag,9999-01-01,1988-01-30,Senior Staff
222311,Miyeon,Billingsley,9999-01-01,1992-12-05,Senior Engineer
222952,Gopalakrishnan,Suermann,9999-01-01,1991-04-30,Senior Engineer
222998,Leaf,Awdeh,9999-01-01,1992-10-02,Staff
224335,Perry,Chachaty,9999-01-01,1985-07-22,Senior Engineer
224934,George,Miake,9999-01-01,1988-01-02,Senior Staff
225788,Ipke,Kieras,9999-01-01,1995-12-18,Engineer
226227,Herbert,Erva,9999-01-01,1986-09-06,Engineer
227354,Gio,Murtha,9999-01-01,1986-11-11,Engineer
227476,Macha,Schnabel,9999-01-01,1988-05-11,Engineer
228248,Yuriy,Plump,9999-01-01,1988-09-08,Staff
229098,Berry,Yurek,9999-01-01,1995-08-16,Senior Staff
229220,Fabrizio,Lichtman,9999-01-01,1987-02-09,Senior Engineer
229547,Moni,Schach,9999-01-01,1986-07-04,Senior Staff
229981,Jamaludin,Fordan,9999-01-01,1992-02-06,Engineer
230126,Bezalel,Radivojevic,9999-01-01,1988-07-02,Staff
230689,Dietrich,Crabtree,9999-01-01,1986-05-24,Senior Staff
230865,Takushi,Brattka,9999-01-01,1999-06-03,Staff
231671,Chandrasekaran,Pearson,9999-01-01,1995-04-14,Staff
231798,Goetz,Alvarado,9999-01-01,1988-12-25,Senior Engineer
232209,Nitsan,Rouquie,9999-01-01,1988-08-01,Senior Engineer
232697,Barry,Ramsak,9999-01-01,1990-09-07,Senior Engineer
233114,Alselm,Gargeya,9999-01-01,1987-12-25,Senior Engineer
233690,Cedric,Riefers,9999-01-01,1994-09-08,Engineer
233759,Zissis,Lodder,9999-01-01,2000-05-27,Engineer
233785,Baziley,Ballarin,9999-01-01,1987-07-28,Staff
233818,Kellie,Heydon,9999-01-01,1985-11-11,Senior Engineer
234195,Luerbio,Terkki,9999-01-01,1991-05-14,Staff
234739,Foong,Aamodt,9999-01-01,1986-06-28,Senior Engineer
235096,Sverrir,Gyimothy,9999-01-01,1995-07-30,Senior Staff
235368,Anneli,Joslin,9999-01-01,1987-04-12,Senior Engineer
236591,Insup,Reinhard,9999-01-01,1985-04-08,Staff
236964,Adel,Foote,9999-01-01,2000-03-20,Staff
238252,Uno,Suppi,9999-01-01,1996-12-27,Staff
238422,Vishv,Angelov,9999-01-01,1988-03-08,Staff
238949,Minghong,Cronin,9999-01-01,1987-10-04,Senior Staff
239067,Tadahiko,Pocchiola,9999-01-01,1996-04-02,Staff
239244,Abdulla,Kitai,9999-01-01,1987-02-20,Staff
239748,Bilhanan,Dusink,9999-01-01,1988-06-04,Staff
239803,Oscal,Ernst,9999-01-01,1992-05-19,Staff
240236,TRUE,Tischendorf,9999-01-01,1986-01-19,Senior Engineer
240285,Kolar,Greenaway,9999-01-01,1998-11-14,Staff
240340,Mack,Staylopatis,9999-01-01,1985-04-02,Engineer
240870,Francesca,Chorvat,9999-01-01,1992-03-17,Senior Staff
241254,Jagoda,Anguita,9999-01-01,1993-05-11,Senior Engineer
241292,Uri,Lampe,9999-01-01,2001-12-11,Senior Staff
241567,Emran,Miara,9999-01-01,1989-05-02,Engineer
241667,Atilio,Olivero,9999-01-01,1985-09-04,Engineer
241728,Limsoon,Boudaillier,9999-01-01,1999-08-08,Senior Engineer
241872,Bluma,Fetvedt,9999-01-01,2001-11-14,Staff
242104,Richara,Sudkamp,9999-01-01,1989-09-05,Staff
243077,Kazunori,Perz,9999-01-01,1999-02-25,Senior Engineer
243576,Abdulah,Lodder,9999-01-01,1996-11-10,Staff
243637,Marjo,Delgrange,9999-01-01,1990-06-24,Staff
244605,Masoud,Suwa,9999-01-01,1998-10-10,Staff
244624,Boaz,Seuren,9999-01-01,1987-03-27,Staff
244820,Shigenori,Hertweck,9999-01-01,1987-04-13,Senior Engineer
244873,Arunachalam,Oppitz,9999-01-01,1986-05-20,Staff
245664,Manohar,Kilgore,9999-01-01,1998-11-17,Staff
246146,Zhongwei,Melski,9999-01-01,1987-09-04,Senior Engineer
246764,Shuzo,Czaja,9999-01-01,1997-11-29,Staff
246902,Shih,Shanbhogue,9999-01-01,1998-04-19,Staff
247612,Chiranjit,Constantine,9999-01-01,1997-05-25,Engineer
247888,Abdelghani,Lagarias,9999-01-01,1985-09-06,Senior Engineer
248351,Jaana,Milicia,9999-01-01,1985-06-02,Senior Staff
249433,Ayonca,Matzov,9999-01-01,1988-06-03,Engineer
249780,Nechama,Gaughan,9999-01-01,1993-07-09,Engineer
250748,Kish,Turnbull,9999-01-01,1987-02-10,Senior Engineer
251166,Hinrich,Hooghiemstra,9999-01-01,1985-10-05,Senior Staff
251301,Pintsang,Impagliazzo,9999-01-01,1989-05-06,Senior Staff
251341,Divier,Kumaresan,9999-01-01,1992-12-05,Senior Staff
251680,Moty,Sommen,9999-01-01,1990-08-14,Senior Engineer
252185,Chaosheng,Conta,9999-01-01,1997-04-14,Engineer
253707,Insup,Hainaut,9999-01-01,1998-02-11,Staff
253838,Stafford,Terlouw,9999-01-01,1999-02-21,Assistant Engineer
255466,Huan,Roccetti,9999-01-01,1985-07-03,Senior Engineer
255657,Oldrich,Cyre,9999-01-01,1985-02-10,Senior Engineer
256856,Hongzue,Barbanera,9999-01-01,1987-06-17,Staff
256881,Ioana,Jakobus,9999-01-01,1990-08-10,Senior Engineer
257378,Pascal,Bernatsky,9999-01-01,1988-09-03,Staff
257469,Anyuan,Hanratty,9999-01-01,1988-01-06,Senior Staff
257484,Shaowei,Nicolson,9999-01-01,1986-12-07,Staff
259237,Palash,Gammage,9999-01-01,1987-10-23,Staff
259718,Stepehn,Bouloucos,9999-01-01,1993-12-13,Staff
260249,Vugranam,Beausoleil,9999-01-01,1998-05-14,Staff
260408,Sasan,Brookner,9999-01-01,1996-09-03,Senior Staff
261184,Masako,Kornatzky,9999-01-01,1987-08-29,Senior Engineer
261737,Mark,Lindqvist,9999-01-01,1990-11-22,Senior Engineer
262208,Mrinalini,Holburn,9999-01-01,1987-05-23,Senior Staff
262210,Chinho,Bottner,9999-01-01,1985-07-29,Engineer
262328,Mayuko,Vural,9999-01-01,1997-12-24,Staff
262439,Lorien,Lagarias,9999-01-01,1985-10-10,Staff
262636,Tamiya,Reutenauer,9999-01-01,1992-04-10,Senior Engineer
263012,Hideo,Buchter,9999-01-01,1999-05-01,Staff
263439,Atreye,Kabayashi,9999-01-01,1986-12-15,Senior Engineer
263649,Mechthild,Zongker,9999-01-01,1993-07-26,Senior Staff
263926,Fusako,Schwartzbauer,9999-01-01,1985-04-07,Senior Staff
264030,Zdislav,Solares,9999-01-01,1990-12-14,Engineer
264939,Bogdan,Bahi,9999-01-01,1999-02-13,Senior Engineer
265521,Kensei,Salverda,9999-01-01,1993-05-25,Senior Engineer
265558,Susuma,Kleiser,9999-01-01,1987-08-02,Staff
265794,Miquel,Halloran,9999-01-01,1994-01-14,Staff
265875,Fan,Marsiglia,9999-01-01,1989-09-03,Senior Engineer
266206,Zsolt,Anily,9999-01-01,1985-08-19,Staff
266310,Zvonko,Serdy,9999-01-01,1987-06-24,Staff
266862,Mart,Plumb,9999-01-01,1986-04-21,Senior Staff
267667,Irena,Kaiserswerth,9999-01-01,1987-09-05,Senior Staff
268043,Narain,Mikschl,9999-01-01,1997-11-02,Engineer
268191,LiMin,Teitelbaum,9999-01-01,1990-11-01,Engineer
269728,Naftali,Kragelund,9999-01-01,1987-05-16,Senior Staff
270084,Ulises,Frolund,9999-01-01,1986-07-26,Staff
270716,Shunichi,Baer,9999-01-01,1998-02-04,Staff
272141,Tsutomu,Neiman,9999-01-01,1996-07-31,Senior Staff
272285,Gully,Mitchem,9999-01-01,1986-01-22,Staff
273159,Divine,Hofmeyr,9999-01-01,1989-04-14,Technique Leader
273286,Brigham,Asmuth,9999-01-01,1989-01-23,Senior Engineer
273858,Gunilla,Matzen,9999-01-01,1990-12-28,Staff
274271,Prodip,Ritcey,9999-01-01,1986-09-10,Staff
274369,Ranga,Waymire,9999-01-01,1997-01-27,Senior Staff
275158,Satyanarayana,Brandsma,9999-01-01,1999-12-08,Engineer
275801,Ayakannu,Heinisuo,9999-01-01,1986-06-28,Senior Staff
275881,Jiann,Munro,9999-01-01,1988-05-18,Senior Engineer
275994,Uma,Prampolini,9999-01-01,1991-02-21,Senior Engineer
276027,Holgard,Stavenow,9999-01-01,1986-02-28,Staff
276186,Sajjad,Vecchi,9999-01-01,1993-06-02,Staff
276445,Atilio,Randi,9999-01-01,1988-07-02,Senior Engineer
276472,Hideyuki,Flanders,9999-01-01,1988-11-10,Engineer
276563,Gift,Solares,9999-01-01,1995-08-01,Senior Staff
277829,Michaela,Fandrianto,9999-01-01,1986-06-02,Senior Engineer
278239,Boaz,Bottner,9999-01-01,1994-02-06,Staff
278452,Sudhanshu,Toyoshima,9999-01-01,1987-08-29,Senior Staff
279791,Chiranjit,Lyonns,9999-01-01,1986-12-24,Assistant Engineer
280070,Niteen,Ebeling,9999-01-01,1988-03-29,Staff
280291,Lenore,Badache,9999-01-01,1998-11-24,Staff
280420,Jahangir,Hofting,9999-01-01,1986-09-28,Senior Staff
280648,Heeju,Lorys,9999-01-01,1986-12-27,Senior Engineer
281848,Parke,Staylopatis,9999-01-01,1993-07-31,Senior Engineer
281859,Masanao,Papastamatiou,9999-01-01,1985-11-25,Engineer
282343,Xinglin,Haldar,9999-01-01,1988-07-20,Senior Staff
284431,Pintsang,Fujisawa,9999-01-01,1996-04-16,Senior Staff
284561,Duri,Beznosov,9999-01-01,1988-02-15,Senior Engineer
284687,Oksana,Redmiles,9999-01-01,1985-06-22,Senior Engineer
284691,Theron,Ressouche,9999-01-01,1988-08-17,Senior Engineer
284711,Martijn,Azevdeo,9999-01-01,1988-02-10,Senior Engineer
284954,Anneke,Hammerschmidt,9999-01-01,1996-01-30,Engineer
285396,Lena,Kohling,9999-01-01,1986-10-04,Engineer
287323,Steve,Dengi,9999-01-01,1999-09-15,Staff
287583,Jovan,Hockney,9999-01-01,1990-06-21,Senior Engineer
287609,Sailaja,Negoita,9999-01-01,1988-01-20,Assistant Engineer
287713,Aamod,Ranka,9999-01-01,1992-12-07,Senior Staff
287984,Troy,Kobuchi,9999-01-01,1991-02-12,Engineer
288028,Kauko,Narwekar,9999-01-01,1985-12-16,Senior Engineer
288560,Yifei,Birjandi,9999-01-01,1994-02-07,Staff
288665,Horward,Khasidashvili,9999-01-01,1998-11-19,Senior Engineer
288893,Bedrich,Rosenbaum,9999-01-01,1991-01-27,Senior Engineer
289454,Bowen,Narwekar,9999-01-01,1985-03-08,Senior Engineer
289687,Fai,Maccarone,9999-01-01,1985-10-30,Senior Staff
290441,Gregory,Collavizza,9999-01-01,1987-09-09,Staff
290467,Shaowen,Poulakidas,9999-01-01,1987-04-15,Senior Staff
290563,Shigehiro,Oxenboll,9999-01-01,1986-02-26,Senior Engineer
291612,Siamak,Gomatam,9999-01-01,1998-07-08,Engineer
291669,Faiza,Bach,9999-01-01,1999-09-13,Engineer
292515,Bernd,Thummel,9999-01-01,1989-08-03,Engineer
292828,Ziya,Tokunaga,9999-01-01,1986-01-08,Senior Engineer
293080,Hideyuki,Slaats,9999-01-01,1987-05-30,Senior Staff
293280,Moti,Steenbeek,9999-01-01,1987-01-22,Senior Engineer
293329,Fumiya,Griswold,9999-01-01,1986-06-12,Engineer
293752,Jungsoon,Bail,9999-01-01,1986-02-18,Staff
294461,Siddarth,Rosiles,9999-01-01,1985-11-18,Senior Engineer
294527,Ashish,Candan,9999-01-01,1992-02-02,Senior Staff
294652,Hironobu,Brodie,9999-01-01,1998-12-21,Senior Engineer
294857,Caolyn,Ozeri,9999-01-01,1986-07-29,Engineer
295030,Fun,Keirsey,9999-01-01,1985-07-09,Senior Staff
295236,Kauko,Fujisawa,9999-01-01,1987-09-13,Senior Engineer
295254,Xuejun,Pfau,9999-01-01,1985-07-24,Senior Staff
295255,Jacopo,Bellone,9999-01-01,1988-03-13,Technique Leader
296303,Mariangiola,Heyers,9999-01-01,1992-08-04,Technique Leader
296664,Dipayan,Geffroy,9999-01-01,1987-09-17,Senior Engineer
296718,Kamakshi,Bahl,9999-01-01,1987-12-22,Senior Engineer
297232,Lokesh,Saoudi,9999-01-01,1999-05-25,Senior Staff
298339,King,Benzmuller,9999-01-01,1986-09-04,Senior Engineer
298577,Florina,Litecky,9999-01-01,1985-12-02,Staff
299737,Patricio,Itzfeldt,9999-01-01,1985-05-21,Staff
400683,Kamakshi,Manders,9999-01-01,1995-08-05,Staff
400780,Poornachandra,Asser,9999-01-01,1993-11-07,Engineer
401154,Danae,Kragelund,9999-01-01,1987-05-20,Senior Staff
401278,Oguz,Schurmann,9999-01-01,1986-11-11,Assistant Engineer
401333,Martins,Shokrollahi,9999-01-01,1986-11-04,Senior Engineer
401420,Florian,Uhrig,9999-01-01,1987-01-31,Senior Staff
401574,Yannik,Falco,9999-01-01,1988-01-15,Technique Leader
402025,Shigehito,Duclos,9999-01-01,1987-09-20,Senior Engineer
402664,Subhada,Janetzko,9999-01-01,1987-01-25,Senior Engineer
402718,Jeanna,Rettelbach,9999-01-01,1990-02-14,Engineer
402827,Weidon,Pollacia,9999-01-01,2002-03-24,Staff
403010,Toshimitsu,Sluis,9999-01-01,1985-02-18,Senior Engineer
403621,Deborah,Kaminger,9999-01-01,1988-06-04,Senior Staff
404236,Zengping,Kakkar,9999-01-01,1988-07-22,Senior Engineer
404462,Anestis,Setlzner,9999-01-01,1985-07-13,Senior Engineer
404788,Basem,Beausoleil,9999-01-01,1998-03-16,Engineer
405015,Morris,Fargier,9999-01-01,1988-06-29,Staff
406125,Georgi,Portugali,9999-01-01,1987-09-27,Technique Leader
406714,Malu,Ossenbruggen,9999-01-01,1986-11-21,Staff
407837,Fei,Erez,9999-01-01,1988-04-02,Senior Engineer
408019,Shridhar,Chleq,9999-01-01,1986-03-22,Engineer
408654,Yongqiao,Cochrane,9999-01-01,1986-10-27,Staff
408953,Jolita,Claffy,9999-01-01,1993-12-24,Senior Engineer
410028,Xiadong,McClurg,9999-01-01,1985-09-17,Staff
410881,Koichi,Grabner,9999-01-01,2000-04-05,Senior Engineer
411070,Otmar,Brandsma,9999-01-01,1987-05-28,Senior Engineer
413098,Hsiangchu,Taubenfeld,9999-01-01,1993-04-17,Senior Staff
413205,Mototsugu,Prampolini,9999-01-01,1988-06-12,Senior Staff
413666,Remco,Duclos,9999-01-01,1988-04-18,Senior Staff
414027,Tadanori,Msuda,9999-01-01,1993-02-20,Engineer
414091,Wuxu,Kuhnemann,9999-01-01,1997-08-19,Engineer
414543,Bernd,Anick,9999-01-01,1988-11-19,Senior Engineer
414662,Ipke,Schneeberger,9999-01-01,1985-09-20,Engineer
415187,Juyoung,Peltason,9999-01-01,1998-09-01,Assistant Engineer
415363,Conal,Shackell,9999-01-01,1995-02-23,Staff
415563,Mrinalini,Bierbaum,9999-01-01,1986-03-12,Senior Engineer
416074,Alain,Lieberherr,9999-01-01,1987-05-11,Senior Engineer
416420,Adamantios,Heemskerk,9999-01-01,1986-08-08,Senior Staff
416492,Kannan,Meriste,9999-01-01,1992-08-12,Senior Engineer
416660,Nathalie,Luke,9999-01-01,1987-09-16,Senior Engineer
416877,Gio,Orsini,9999-01-01,1988-12-07,Senior Staff
416892,Shooichi,Vandervoorde,9999-01-01,1996-08-16,Engineer
418309,Danel,Petereit,9999-01-01,1985-02-21,Senior Engineer
418717,Arunachalam,Magliocco,9999-01-01,1987-12-23,Staff
419099,Heon,Broomell,9999-01-01,1998-05-06,Staff
419953,Ung,Orlowski,9999-01-01,1991-07-22,Senior Staff
420086,Susuma,Kitsuregawa,9999-01-01,1985-05-28,Engineer
420476,Mariangiola,Bolsens,9999-01-01,1985-06-15,Staff
420694,Frazer,Barbanera,9999-01-01,1986-11-04,Senior Staff
420732,Willard,Morrin,9999-01-01,1996-05-27,Staff
420877,Khosrow,Erez,9999-01-01,1990-02-11,Staff
421033,Garnik,Randt,9999-01-01,1989-12-23,Staff
421384,Renny,Bednarek,9999-01-01,1987-06-01,Staff
422146,Kenton,Miara,9999-01-01,2002-03-13,Engineer
423038,Takushi,Strehl,9999-01-01,1988-10-04,Senior Staff
423204,Uma,Stranks,9999-01-01,1991-09-13,Staff
423214,Tsutomu,Tetzlaff,9999-01-01,1987-09-24,Staff
423327,Constantijn,Lichtman,9999-01-01,1994-06-26,Staff
423350,Heping,Monarch,9999-01-01,1988-04-15,Staff
423633,Mariusz,Tokunaga,9999-01-01,1985-02-11,Senior Engineer
423993,Seshu,Kolvik,9999-01-01,1988-12-09,Technique Leader
424569,Danco,Luff,9999-01-01,1997-10-30,Engineer
424797,Theron,Itschner,9999-01-01,1985-05-16,Staff
424805,Jacqueline,Zallocco,9999-01-01,1987-12-17,Senior Staff
424930,Xuejun,Reeker,9999-01-01,1988-11-18,Staff
424984,Vasilis,Waleschkowski,9999-01-01,1996-05-26,Engineer
425535,Alagu,Vieri,9999-01-01,1986-08-23,Staff
425875,Jahangir,Kroft,9999-01-01,1990-06-11,Senior Staff
426153,Shahaf,Luce,9999-01-01,1999-04-06,Senior Staff
426168,Kaijung,Mateescu,9999-01-01,1987-11-18,Staff
426795,Huican,Lunn,9999-01-01,1986-07-23,Staff
426824,Gopalakrishnan,Mawatari,9999-01-01,1997-12-07,Staff
426958,Weijing,Viele,9999-01-01,1985-10-03,Engineer
427313,Utpal,Kemmerer,9999-01-01,1986-12-04,Senior Staff
427332,Feiyu,Hemaspaandra,9999-01-01,1995-06-04,Staff
427571,Torsten,Ranta,9999-01-01,1995-07-03,Engineer
427776,Jaques,Navazio,9999-01-01,1989-04-04,Senior Staff
427852,Adil,Kieras,9999-01-01,1992-07-20,Senior Engineer
428195,Hatsukazu,Rosca,9999-01-01,1993-08-02,Staff
428219,Ghassan,Androutsos,9999-01-01,1987-12-26,Staff
429087,Hugh,Senzako,9999-01-01,1992-10-15,Technique Leader
429231,Kazuyasu,Schmiedel,9999-01-01,1985-09-07,Senior Staff
429249,Alassane,Wolniewicz,9999-01-01,1993-11-09,Engineer
429381,Limsoon,Roohalamini,9999-01-01,1986-11-26,Staff
429703,Ung,Honglei,9999-01-01,1986-09-02,Staff
430558,Xiong,Roisin,9999-01-01,1988-03-01,Senior Engineer
430631,Kersti,Marsiglia,9999-01-01,1994-02-19,Engineer
430891,Khalil,Gien,9999-01-01,1991-08-06,Senior Engineer
431576,Masamitsu,Back,9999-01-01,1993-04-12,Staff
431657,Visit,Thiran,9999-01-01,1986-11-14,Engineer
432031,Adamantios,Matzat,9999-01-01,1987-03-01,Staff
432121,Alair,Straney,9999-01-01,1986-11-15,Senior Staff
432257,Kwangjo,Hiltgen,9999-01-01,1998-12-22,Engineer
432261,Arve,Bergere,9999-01-01,1987-07-28,Engineer
432956,Qunsheng,Birrer,9999-01-01,1986-05-13,Staff
434845,Takushi,Skogmar,9999-01-01,1985-06-07,Staff
434936,Sahrah,Rosis,9999-01-01,1994-06-24,Engineer
435181,Kazuhide,Fiutem,9999-01-01,1992-05-10,Senior Staff
435289,Feixiong,Schurmann,9999-01-01,1987-02-15,Senior Staff
435791,Hercules,Speer,9999-01-01,1994-03-07,Engineer
436827,Wojceich,Limongiello,9999-01-01,1988-03-10,Senior Staff
437276,Dines,DeMori,9999-01-01,1987-12-07,Staff
437395,Sumant,Thambidurai,9999-01-01,1996-08-24,Senior Staff
438264,Rasikan,Barreiro,9999-01-01,1991-09-27,Senior Staff
439905,Kousuke,Levasseur,9999-01-01,1990-03-16,Staff
440642,Snehasis,Kalsbeek,9999-01-01,1988-01-06,Staff
441197,Miquel,Legleitner,9999-01-01,1985-06-28,Staff
441965,Claudi,Heijenga,9999-01-01,1988-08-30,Staff
443485,Marke,Klerer,9999-01-01,1990-04-14,Senior Staff
444099,Kousuke,Worfolk,9999-01-01,1988-03-22,Staff
444208,Irena,Cesareni,9999-01-01,1985-10-30,Senior Staff
445152,Heping,Peac,9999-01-01,1985-03-20,Staff
445226,Oscar,Baumann,9999-01-01,1987-01-22,Senior Engineer
445570,Van,Nations,9999-01-01,1986-08-11,Technique Leader
445723,Gaurav,Roison,9999-01-01,1991-07-12,Senior Staff
445941,Masako,Dechter,9999-01-01,1985-09-25,Technique Leader
446424,DAIDA,Nooteboom,9999-01-01,1985-11-24,Senior Engineer
446897,Takahiro,Dalton,9999-01-01,1992-09-30,Technique Leader
447135,Gennady,Rouquie,9999-01-01,1989-08-24,Senior Staff
447232,Aleksander,Schaaf,9999-01-01,2000-01-10,Senior Staff
447376,Kirk,Zongker,9999-01-01,1999-12-10,Staff
447613,Paris,Restivo,9999-01-01,1986-11-21,Senior Engineer
447877,Make,Heuser,9999-01-01,1988-07-02,Engineer
447982,Shiv,Baezner,9999-01-01,1990-12-17,Engineer
448994,Haldun,Syang,9999-01-01,1997-02-11,Staff
449815,Fumitaka,Quittner,9999-01-01,1988-04-20,Staff
449984,Hinrich,Perin,9999-01-01,1985-11-20,Senior Engineer
450255,Udo,Waymire,9999-01-01,1986-06-14,Technique Leader
450309,Gill,Orlowska,9999-01-01,1986-12-25,Technique Leader
450817,DAIDA,Frolund,9999-01-01,1987-07-17,Engineer
450934,Chanjung,Raoux,9999-01-01,1992-05-25,Engineer
451253,Jaihie,Ozeri,9999-01-01,1991-06-21,Senior Staff
451272,Jacopo,Krohm,9999-01-01,1991-04-24,Senior Engineer
451275,Bedrich,Isard,9999-01-01,1986-06-07,Senior Staff
452137,Subir,Miake,9999-01-01,1999-01-09,Senior Engineer
452365,Fei,Gadepally,9999-01-01,1988-11-13,Assistant Engineer
452956,Gou,Thombley,9999-01-01,1990-11-07,Senior Engineer
453723,Arne,Kohling,9999-01-01,1985-12-13,Senior Engineer
454791,Xiaoqiu,Pietracaprina,9999-01-01,1994-07-09,Senior Engineer
454994,Mohan,Picht,9999-01-01,1991-02-24,Engineer
455726,Qiwen,Kriebel,9999-01-01,1987-12-13,Senior Staff
456767,Tetsurou,Schreiter,9999-01-01,1987-07-17,Senior Staff
457070,Gay,Plavsic,9999-01-01,1987-08-06,Staff
457411,Xudong,Peck,9999-01-01,1988-04-18,Senior Engineer
457489,Berna,Ranst,9999-01-01,1985-05-14,Engineer
457776,Florian,Siepmann,9999-01-01,1987-12-21,Senior Engineer
457832,Jackson,Zielinski,9999-01-01,1997-09-12,Senior Engineer
458134,Thanasis,Standera,9999-01-01,1985-03-20,Staff
458383,Mabhin,Foote,9999-01-01,1999-04-23,Engineer
458726,Shahaf,Kitai,9999-01-01,1986-12-26,Staff
458790,Ramya,Azadmanesh,9999-01-01,1988-11-19,Engineer
459172,Val,Rissanen,9999-01-01,1993-11-20,Assistant Engineer
459685,Hirochika,Goldhammer,9999-01-01,1998-03-12,Engineer
460920,Remzi,Mitzlaff,9999-01-01,1986-04-06,Senior Staff
462493,Paloma,Gerlach,9999-01-01,1988-07-26,Senior Engineer
463212,Ramya,Rossi,9999-01-01,2001-09-02,Senior Engineer
463472,Jaber,Sethi,9999-01-01,2000-06-11,Technique Leader
463495,Alenka,Barriga,9999-01-01,1988-05-06,Staff
464303,Abdelghani,Nyrup,9999-01-01,1986-08-02,Senior Staff
465062,Stafford,Gist,9999-01-01,1988-05-07,Senior Engineer
465076,Tokuyasu,Ghelli,9999-01-01,1985-05-05,Senior Engineer
465409,Shahid,Varman,9999-01-01,1985-08-27,Staff
465711,Lakshmi,Frijda,9999-01-01,1990-04-21,Engineer
465874,Herb,Picht,9999-01-01,1985-05-31,Engineer
466509,Bezalel,Verhoeff,9999-01-01,1988-03-22,Senior Engineer
466603,Yechezkel,Nourani,9999-01-01,1991-08-01,Senior Staff
466745,Boalin,Birsak,9999-01-01,1995-10-16,Senior Staff
467176,Przemyslawa,Borovoy,9999-01-01,1993-06-18,Staff
467441,Margareta,Bondorf,9999-01-01,1988-11-07,Engineer
469399,Hongzhu,Ruemmler,9999-01-01,2000-06-06,Engineer
469527,Halsur,Ibel,9999-01-01,1998-03-05,Staff
469529,Neven,Rikino,9999-01-01,1988-10-21,Senior Engineer
469867,Hein,Jonsson,9999-01-01,1985-02-12,Staff
470456,Reuven,Oehlmann,9999-01-01,1986-03-29,Senior Staff
470472,Zhiguo,Staudhammer,9999-01-01,1985-12-03,Senior Engineer
471552,Basem,Lortz,9999-01-01,1997-10-25,Staff
472790,Zhenbing,Ibel,9999-01-01,1985-10-29,Senior Engineer
472950,Weidon,Fordan,9999-01-01,1986-03-27,Senior Engineer
474763,Mayuko,Clouatre,9999-01-01,1997-09-04,Engineer
474796,Zongyan,Shackel,9999-01-01,1987-08-17,Technique Leader
475087,Genevieve,Snedden,9999-01-01,1988-10-21,Senior Engineer
475258,Fumiyo,Feinberg,9999-01-01,2000-02-12,Staff
475538,Christophe,Leaver,9999-01-01,1998-10-31,Staff
475938,Shigeaki,Lanteri,9999-01-01,1989-02-17,Engineer
475965,Rimon,Pietracaprina,9999-01-01,1985-07-10,Engineer
476361,Doohun,Preusig,9999-01-01,1993-04-28,Technique Leader
479407,Randi,Tomescu,9999-01-01,1986-11-25,Senior Engineer
481764,Teiji,Marrakchi,9999-01-01,1986-08-26,Senior Engineer
482755,Jouni,Conia,9999-01-01,1994-10-31,Senior Staff
482885,Shaunak,Brizzi,9999-01-01,1988-09-02,Senior Engineer
482905,Aral,Hebden,9999-01-01,1991-09-10,Senior Staff
483675,Hausi,Kamber,9999-01-01,1988-02-16,Senior Engineer
483825,Marek,Mitchem,9999-01-01,1992-11-20,Senior Engineer
483838,Sham,Kavanagh,9999-01-01,1997-12-18,Assistant Engineer
484126,Manton,Lueh,9999-01-01,1989-04-07,Senior Staff
484142,Perry,Cooman,9999-01-01,1987-04-23,Staff
485489,Keiichiro,Armand,9999-01-01,1986-12-14,Senior Engineer
485577,Rafael,Menhoudj,9999-01-01,1997-04-27,Senior Engineer
485579,Munehiro,Iwayama,9999-01-01,1986-12-16,Senior Engineer
486918,Yagil,Remmers,9999-01-01,1994-11-01,Senior Staff
486958,Tonny,Kropf,9999-01-01,1986-07-30,Senior Engineer
487008,Zhigen,Raney,9999-01-01,1993-05-26,Senior Staff
487505,Uno,Jayawardene,9999-01-01,1987-11-02,Senior Staff
487988,Ekawit,Schaft,9999-01-01,1990-05-20,Staff
488142,Denis,Narlikar,9999-01-01,1991-07-01,Senior Staff
488482,Kensyu,Tsunoo,9999-01-01,1999-12-05,Engineer
488788,Wuxu,Garigliano,9999-01-01,1990-09-21,Staff
488984,Kendra,Junet,9999-01-01,1992-11-12,Senior Staff
489755,Matk,Chorvat,9999-01-01,1999-12-04,Senior Staff
489756,Kersti,Miculan,9999-01-01,1992-06-09,Staff
490557,Luise,Vigier,9999-01-01,1994-07-01,Senior Engineer
490568,Zita,Reistad,9999-01-01,1998-07-23,Senior Engineer
491478,Gill,Varman,9999-01-01,1988-06-18,Staff
491596,Charmane,Pargas,9999-01-01,1992-08-03,Senior Engineer
491632,Gadiel,Perly,9999-01-01,1986-10-20,Staff
492639,Sanjoy,Porenta,9999-01-01,1997-07-10,Engineer
492677,Goetz,McAffer,9999-01-01,1988-02-05,Senior Engineer
493031,Hironoby,Jakobus,9999-01-01,1991-07-30,Staff
493744,Leni,Kropatsch,9999-01-01,1997-07-17,Senior Engineer
496100,Pranjal,Reinhard,9999-01-01,1995-05-08,Staff
496970,Giordano,Maquelin,9999-01-01,1999-12-31,Senior Engineer
498456,Geraldo,Gerteisen,9999-01-01,1987-06-05,Staff
498635,Florian,Pezzoli,9999-01-01,1988-07-22,Senior Staff
498955,Nechama,Kandlur,9999-01-01,1995-01-16,Engineer
499260,Danae,Honglei,9999-01-01,1998-09-14,Engineer
499495,Baoqiu,Kakkar,9999-01-01,1999-08-30,Engineer
